{
  "loss": [
    0.27136489748954773,
    0.09814886748790741,
    0.07112029939889908,
    0.052809007465839386,
    0.04110279306769371
  ],
  "val_loss": [
    0.11609777063131332,
    0.08183921873569489,
    0.060460079461336136,
    0.0377282090485096,
    0.02950270101428032
  ]
}