{
  "loss": [
    0.049984999001026154,
    0.01795828342437744,
    0.0149696609005332,
    0.013424476608633995,
    0.012215664610266685
  ],
  "val_loss": [
    0.02375580556690693,
    0.012439879588782787,
    0.015293764881789684,
    0.011261720210313797,
    0.016847575083374977
  ]
}