{
  "loss": [
    0.29375362396240234,
    0.1812511533498764,
    0.16715650260448456,
    0.1543022245168686,
    0.13833080232143402
  ],
  "val_loss": [
    0.18946672976016998,
    0.16899652779102325,
    0.15874691307544708,
    0.14844150841236115,
    0.12182074040174484
  ]
}