{
  "loss": [
    0.09259364008903503,
    0.024026505649089813,
    0.015731588006019592,
    0.012996434234082699,
    0.01165560819208622
  ],
  "val_loss": [
    0.029308460652828217,
    0.01579010672867298,
    0.01228238083422184,
    0.011616877280175686,
    0.010580330155789852
  ]
}