{
  "loss": [
    1.651601791381836,
    1.4379761219024658,
    1.3270121812820435,
    1.2563570737838745,
    1.1974613666534424
  ],
  "val_loss": [
    1.5349146127700806,
    1.373793601989746,
    1.279523491859436,
    1.2135961055755615,
    1.153532862663269
  ]
}