{
  "loss": [
    1.313419222831726,
    1.0488345623016357,
    0.9782450199127197,
    0.9332931041717529,
    0.9043696522712708
  ],
  "val_loss": [
    1.1014925241470337,
    1.0013411045074463,
    0.9492990970611572,
    0.9124634265899658,
    0.8817290663719177
  ]
}